lead_id,first_name,last_name,title,company_name,email,website_url,status,is_duplicate,duplicate_reason,segment,confidence,needs_human_review,company_stage,recommended_offer,disqualify_reason,built_with_ai_signals,technical_signals,pain_signals,evidence_quotes,personalization_hooks,scored_at
3,Sophie,Bernard,Founder & CEO,Notion,sophie@notion.so,https://www.notion.so,LOW_CONFIDENCE,0,,unclear,0.4,1,established,none,,,,,,,2026-07-27T13:45:52+00:00
4,Marc,Lefevre,CTO,Linear,marc@linear.app,https://linear.app,SCORED,0,,ai_built_large_org,0.92,0,established,general_audit,,AI workflows at its core | Build and deploy AI agents | Agent-assisted text editing,GitHub Copilot integration | CursorAgent | CodexAgent,iOS startup performance issues | Reduce UI flicker during autonomy | Reduce startup delay caused by vehicle sync,Purpose-built for modern teams with AI workflows at its core | Build and deploy AI agents that work alongside your team | Agent-assisted text editing | GitHub CopilotAgent | iOS startup performance issues? | Reduce UI flicker during autonomy | Reduce startup delay caused by vehicle sync,Your focus on AI agents and agent‑assisted editing aligns perfectly with our expertise in auditing AI‑augmented development pipelines.,2026-07-27T13:46:34+00:00
5,Julie,Petit,Founder,Linear App,julie@linear.app,https://www.linear.app/pricing,NEW,1,domain_match,,,,,,,,,,,,
6,Karim,Haddad,CEO,Airtable,karim@airtable.com,https://www.airtable.com,LOW_CONFIDENCE,0,,unclear,0.42,1,early,none,,,,"unify data, maximize collaboration","Build AI-powered workflows that unify data, maximize collaboration, and set your teams up for long-term success. | Trusted by 500,000 leading teams","All your teams, all their workflows—connected in one workspace",2026-07-27T13:47:13+00:00
7,Emma,Rousseau,Co-founder,Vercel,emma@vercel.com,https://vercel.com,LOW_CONFIDENCE,0,,unclear,0.6,1,established,none,,,,,,Build agents on infrastructure that thinks like them,2026-07-27T13:47:56+00:00
8,Thomas,Girard,Founder,Vercel Inc,thomas@vercel-team.com,https://vercel.com/pricing,NEW,1,domain_match,,,,,,,,,,,,
9,Nadia,Amrani,Solo Founder,Framer,nadia@framer.com,https://www.framer.com,SCORED,0,,ai_built_team,0.86,0,established,general_audit,,"generator_meta_tag: Framer e80a5ba | vibe_language_matches: no-code | trend_fonts_found: Space Grotesk, Geist | visual_patterns_triggered: glassmorphism",,,,Highlight their AI design agents that generate and refine site content in‑place,2026-07-27T13:48:51+00:00
10,Yassine,Cherif,Founder,PitchDeck AI,yassine@pitchdeckai.co,https://tally.so,LOW_CONFIDENCE,0,,unclear,0.45,1,scaling,none,"ungrounded_evidence_quotes_removed: 2 citation(s) not found in source text | domain_mismatch: email domain 'pitchdeckai.co' does not match website domain 'tally.so' — ce verdict décrit peut-être la mauvaise entreprise, à confirmer manuellement avant tout envoi",game-changer | effortlessly,,Paywalls getting in the way? Not anymore.,Paywalls getting in the way? Not anymore.,"Powering 500,000+ teams at the world’s best companies",2026-07-27T13:49:37+00:00
11,Hugo,Fontaine,Founder & Builder,Stackly,hugo@stackly.app,https://webflow.com,LOW_CONFIDENCE,0,,unclear,0.4,1,established,none,"domain_mismatch: email domain 'stackly.app' does not match website domain 'webflow.com' — ce verdict décrit peut-être la mauvaise entreprise, à confirmer manuellement avant tout envoi",AI marketing copy describing agentic AI features,,,"Webflow’s agentic AI works alongside your team — drafting copy, generating pages, running experiments — with the guardrails enterprise teams need.",Mention that Webflow already markets AI‑powered site building and could benefit from an external AI audit to validate and strengthen its AI‑driven workflows.,2026-07-27T13:50:27+00:00
